{
    "portraits" : [
        {
            "character": "Susie",
            "sprite" : "spr_face_susie_alt",
            "label" : "Susie"
        },
        {
            "character": "Ralsei",
            "sprite" : "spr_face_r_nohat",
            "label" : "Ralsei"
        },
        {
            "character": "Queen",
            "sprite" : "spr_face_q0",
            "label" : "Queen"
        },
        {
            "character": "Noelle",
            "sprite" : "spr_face_n_matome",
            "label" : "Noelle",
        },
        {
            "character": "Berdly",
            "sprite" : "spr_face_b_dark_matome",
            "label" : "Berdly"
        },
        {
            "character": "Toriel",
            "sprite" : "spr_face_toriel_matome",
            "label" : "Toriel"
        },
        {
            "character": "Alphys",
            "sprite" : "spr_alphysface",
            "label" : "Alphys"
        },
        {
            "character": "Lancer",
            "sprite" : "spr_face_l0",
            "label" : "Lancer"
        },
        {
            "character": "Rouxls",
            "sprite" : "spr_face_rurus",
            "label" : "Rouxls"
        },

    ],
    "characters" : [
        {
            "display name" : "Asgore",
            "initial" : "A"
        },
        {
            "display name" : "Alphys",
            "initial" : "A",
            "aliases" : [
                "Alphy",
                "Alfie's",
                "Alfie"
            ],
            "face" : 20,
            "typer" : 18
        },
        {
            "display name" : "Susie",
            "initial" : "S",
            "face" : 20,
            "typer" : 18
        },
        {
            "display name" : "sans",
            "initial" : "S",
            "face" : 20,
            "typer" : 18,
            "lowercase" : true
        },
        {
            "display name" : "Noelle",
            "initial" : "N"
        },
        {
            "display name" : "Toriel",
            "initial" : "T"
        },
        {
            "display name" : "Ralsei",
            "initial" : "R"
        },
        {
            "display name" : "Rouxls",
            "initial" : "R"
        },
        {
            "display name" : "Rudy",
            "initial" : "R"
        },
        {
            "display name" : "Lancer",
            "initial" : "L"
        },
        {
            "display name" : "Queen",
            "initial" : "Q"
        },
        {
            "display name" : "Berdly",
            "initial" : "B"
        },
        {
            "display name" : "napstablook",
            "initial" : "N",
            "lowercase" : true
        }
    ]
}